Grant_Activity_Code ,Grant_Program_Name,HRSA_Program_Area_Name
H84,Family Professional Partnership/CSHCN ,Maternal and Child Health
T73,Leadership Education in Neurodevelopmental and Related Disorders Training Program ,Maternal and Child Health
T20,Training CED/COR Pediatric and Child Psychiatry ,Maternal and Child Health
H47,Children's Oral Healthcare Access Program ,Maternal and Child Health
UJ2,MCH Autism Longitudinal Data Project ,Maternal and Child Health
D70,Integrated Community Systems for CSHCN ,Maternal and Child Health
H98,Awareness and Access to Care for Children and Youth with Epilepsy ,Maternal and Child Health
T76,Maternal and Child Health Public Health Training Program ,Maternal and Child Health
U01,Partnership for MCH Leadership Community ,Maternal and Child Health
H17,Healthy Tomorrows Partnership for Children Program ,Maternal and Child Health
R40,Maternal and Child Health Field-Initiated Research Program ,Maternal and Child Health
U2Z,Infant-Toddler Court Program ,Maternal and Child Health
U7E,Early Childhood Comprehensive Systems: Health Integration Prenatal to Three Program ,Maternal and Child Health
H34,EMSC Targeted Issue Grants ,Maternal and Child Health
H61,Universal Newborn Hearing Screening and Intervention ,Maternal and Child Health
H49,Healthy Start Initiative-Eliminating Racial/Ethnic Disparities ,Maternal and Child Health
H30,Hemophilia Treatment Centers (SPRANS) ,Maternal and Child Health
H33,EMSC Partnership Grants ,Maternal and Child Health
X10,"Maternal, Infant and Early Childhood Homevisiting Grant Program ",Maternal and Child Health
UA6,MCH Research Network Programs ,Maternal and Child Health
U02,MCH Advanced Education Policy ,Maternal and Child Health
U1A,Thalassemia ,Maternal and Child Health
D1J,Sickle Cell Disease Newborn Screening Follow-up Program ,Maternal and Child Health
T71,Leadership Education  in Adolescent Health (LEAH) ,Maternal and Child Health
U03,Pediatric Emergency Care Applied Research Network (PECARN) ,Maternal and Child Health
U59,National Maternal and Child Health Data Resource Center ,Maternal and Child Health
UA3,Autism Intervention Research Networks ,Maternal and Child Health
T77,Developmental-Behavioral Pediatrics Training Program ,Maternal and Child Health
U07,National Emergency Medical Services for Children (EMSC) Resource Centers Demonstration CA ,Maternal and Child Health
UH7,Regional Genetics Networks ,Maternal and Child Health
T16,MCH Pipeline Training Program ,Maternal and Child Health
H25,Community-Based Integrated Service Systems (Local/State) ,Maternal and Child Health
H21,Traumatic Brain Injury Implementation ,Maternal and Child Health
T79,Maternal and Child Health Nutrition Training Program ,Maternal and Child Health
UD3,National Organizations for State and Local Officials ,Maternal and Child Health
X11,American Rescue Plan Act Funding for Home Visiting ,Maternal and Child Health
X82,Traumatic Brain Injury Protection and Advocacy ,Maternal and Child Health
U45,State Adolescent and Young Adult Health Capacity Building Program ,Maternal and Child Health
T03,Epidemiological MCH/SPH Institute ,Maternal and Child Health
T04,Reaching Practicing MCH Professionals in Underserved Areas Through Education and Training Program ,Maternal and Child Health
H6M,State Implementation Grants for Improving Services for Children and Youth with ASD ,Maternal and Child Health
U36,Newborn Screening Clearinghouse ,Maternal and Child Health
U1E,Sickle Cell Treatment Demonstration Program ,Maternal and Child Health
H46,Genetic Services Project ,Maternal and Child Health
T19,Leadership Training in Social Work ,Maternal and Child Health
U7N,Pediatric Obesity CoIIN 2.0 ,Maternal and Child Health
UH3,Early Childhood Comprehensive Systems ,Maternal and Child Health
T72,Pediatric Pulmonary Centers ,Maternal and Child Health
U61,Collaborative Improvement and Innovation Network on School-Based Health Services ,Maternal and Child Health
U40,Family/Professional Partnership/ CSHCN ,Maternal and Child Health
H7M,Vision Screening in Young Children ,Maternal and Child Health
U1H,Fetal Alcohol Spectrum Disorders ,Maternal and Child Health
H18,MCHB State Systems Development Initiative ,Maternal and Child Health
U4C,Pediatric Mental Health Care Access Program ,Maternal and Child Health
U08,National Fetal and Infant Mortality Review (FIMR) Resource Center ,Maternal and Child Health
U43,Medical Home Capacity Building for CSHCN ,Maternal and Child Health
B04,Maternal and Child Health Services ,Maternal and Child Health
U4J,Pediatric Mental Health Care Access Expansion ,Maternal and Child Health
UJ0,Partnership for State Leadership Coop. Agreement- State Public Health Coordinating Center for Autism ,Maternal and Child Health
U7A,State Maternal Health Innovation Program ,Maternal and Child Health
T1C,Maternal and Child Health Public Health Catalyst Program ,Maternal and Child Health
T21,MCH Knowledge to Practice ,Maternal and Child Health
U04,Bright Futures Pediatric Implementation ,Maternal and Child Health
H67,Disparities in Perinatal Health-Border Initiatives ,Maternal and Child Health
E16,Newborn Screening State Evaluation Program ,Maternal and Child Health
U2X,State Newborn Screening Interoperability Planning Program ,Maternal and Child Health
UH8,National Genetics Education and Family Support Center ,Maternal and Child Health
UH9,National Coordinating Center (NCC) for the Regional Genetic Networks ,Maternal and Child Health
R41,Autism Secondary Data Analysis Research (SDAR) Program ,Maternal and Child Health
UJ1,Family Leadership in Language and Learning ,Maternal and Child Health
U30,Training and Technical Assistance National Cooperative Agreements (NCAs) ,Maternal and Child Health
U5D,Pediatric Research Network Program ,Maternal and Child Health
U44,Oral Health ,Maternal and Child Health
U49,Child and Adolescent Injury and Violence Prevention Resource Centers Cooperative Agreement ,Maternal and Child Health
UT9,Supporting Fetal Alcohol Spectrum Disorders (FASD) Screening and Intervention ,Maternal and Child Health
UT2,Autism Intervention Research Network on Physical Health ,Maternal and Child Health
UT3,Autism Intervention Research Network on Behavioral Health ,Maternal and Child Health
UA5,Autism CARES Act National Interdisciplinary Training Resource Center ,Maternal and Child Health
U98,National Forum for State and Territorial Chief Executives ,Maternal and Child Health
UC4,Alliance for Innovation on Maternal Health ,Maternal and Child Health
UC8,Comprehensive Hemophilia Diagnostic and Treatment Centers ,Maternal and Child Health
UD5,Home Visiting Research and Development Platform ,Maternal and Child Health
UF4,Home Visiting Collaborative Improvement and Innovation Network ,Maternal and Child Health
UF5,Supporting Healthy Start Performance Project ,Maternal and Child Health
UE7,MCH Workforce Centers ,Maternal and Child Health
UE8,MCH Navigator Program ,Maternal and Child Health
UF7,Safe Infant Sleep Systems Integration (SISSI) Program ,Maternal and Child Health
UG4,Maternal and Child Environmental Health Network ,Maternal and Child Health
UG7,"National Fetal, Infant and Child Death Review Center Program ",Maternal and Child Health
UG8,Improving Timeliness of Newborn Screening Diagnosis ,Maternal and Child Health
UH0,Bright Futures for Women’s Health: Standard Practice Guidelines for Well Woman Care ,Maternal and Child Health
U2Y,Innovations in Newborn Screening Interoperability ,Maternal and Child Health
U3D,Measurement Research Network ,Maternal and Child Health
U38,Sickle Cell ,Maternal and Child Health
U4D,Pregnancy Related Research Network ,Maternal and Child Health
U7B,Alliance for Innovation on Maternal Health (AIM)- Community Care Initiative ,Maternal and Child Health
U7C,State Maternal Health Innovation Support and Implementation Program ,Maternal and Child Health
SC1,Severe Combined Immunodeficiency (SCID) Screening and Education ,Maternal and Child Health
U1T,Building Systems of Services for Children and Youth with Special Health Care Needs ,Maternal and Child Health
U1X,Supporting Maternal and Child Health Innovation in States ,Maternal and Child Health
U22,Heritable Disorders ,Maternal and Child Health
UK3,Screening and Treatment for Maternal Depression and Related Behavioral Disorders Program ,Maternal and Child Health
UK4,Rural Integration Models for Parents and Children to Thrive:  A Two-Generational Approach to Strengt ,Maternal and Child Health
UK5,Newborn Screening Family Education Program ,Maternal and Child Health
U4A,American Rescue Plan Act – Pediatric Mental Health Care Access New Area Expansion ,Maternal and Child Health
UK2,Early Childhood Health Promotion System for High Need Program ,Maternal and Child Health
UG1,"Maternal, Infant, and Early Childhood Home Visiting Program – Non-Profit ",Maternal and Child Health
U1I,Regional Pediatric Pandemic Network ,Maternal and Child Health
UJ5,EMSC Data Center ,Maternal and Child Health
H7D,Maternal and Child Health Telehealth Capacity for Public Health Systems ,Maternal and Child Health
H7E,Supporting Providers and Families to Access Telehealth and Distant Care Services for Maternal Health ,Maternal and Child Health
UJ6,Health Care Delivery System Innovations for Children with Medical Complexity ,Maternal and Child Health
D90,"Maternal, Infant and Early Childhood Home Visiting Program: Nonprofit Orgs ",Maternal and Child Health
U6D,Bridging the Word Gap Research Network ,Maternal and Child Health
WW5,Rural Maternity and Obstetrics Management Strategies Program ,Maternal and Child Health
UK7,Networks for Oral Health Integration within the Maternal and Child Health Safety Net ,Maternal and Child Health
UT4,MCH Research Network on Promoting Healthy Weight (HW-RN) among Children with ASD and other DD ,Maternal and Child Health
UT5,Developmental-Behavioral Pediatrics Research Network ,Maternal and Child Health
U1W,Long-term Follow-up for SCID and other NBS Conditions ,Maternal and Child Health
U2C,Screening and Interventions for Adverse Childhood Experiences in Primary Care Settings Demonstration ,Maternal and Child Health
G31,Emerging Issues in MCH ,Maternal and Child Health
U1V,Catalysts for Infant Health Equity ,Maternal and Child Health
UM2,Enhancing Systems of Care for Children with Medical Complexity ,Maternal and Child Health
U9H,Transforming Pediatrics for Early Childhood ,Maternal and Child Health
U4M,Pediatric Mental Health Care Access - American Academy of Pediatrics ,Maternal and Child Health
U4L,Pediatric Mental Health Care Access - EMSC Innovation and Improvement Center ,Maternal and Child Health
R42,R42 MCH Secondary Data Analysis Research ,Maternal and Child Health
U52,Universal Newborn Hearing Screening - Cooperative Agreement ,Maternal and Child Health
U8D,MCH Adolescent and Young Adult Health Research Network ,Maternal and Child Health
U4K,Pediatric Mental Health Care Access - School Based Health Alliance ,Maternal and Child Health
UT6,Autism Transitions Research Project ,Maternal and Child Health
UT7,Autism Longitudinal Data Project ,Maternal and Child Health
UP4,Hereditary Hemorrhagic Telangiectasia (HHT) Program ,Maternal and Child Health
A30,Alliance for Innovation on Maternal Health State Capacity Program ,Maternal and Child Health
H4B,Poison Control Stabilization and Enhancement Program ,Maternal and Child Health
H4N,State Newborn Screening System Priorities Program ,Maternal and Child Health
UR6,Maternal Health Research Network (MH-RN) for MSIs--Research Awards ,Maternal and Child Health
R43,Autism Secondary Data Analysis Program ,Maternal and Child Health
U9D,Life Course Translational Research Network ,Maternal and Child Health
U4N,Comprehensive Systems Integration for Adolescent and Young Adult Health ,Maternal and Child Health
U2E,Integrated Maternal Health Services ,Maternal and Child Health
UU6,Institute for Home Visiting Workforce Development and Jackie Walorski Center for Evidence-Based Case ,Maternal and Child Health
UR5,Maternal Health Research Network for Minority-Serving Institutions ,Maternal and Child Health
UC1,Cooperative Newborn Screening System Priorities Program ,Maternal and Child Health
H9E,Transition for Youth with Autism and/or Epilepsy Demonstration Projects ,Maternal and Child Health
U2L,HRSA-24-041: National Coordinating Center on Transition (NCCT) ,Maternal and Child Health
US8,Center for Maternal and Child Health Medicaid Partnerships ,Maternal and Child Health
U46,Child Care ,Maternal and Child Health
UG5,Severe Combined Immunodeficiency (SCID) Newborn Screening Implementation Program ,Maternal and Child Health
H3A,EMSC Demonstration Grants ,Maternal and Child Health
UF3,Providing support for the Collabortive Improvement and Innovation Network (CoIIN) to Reduce Infant M ,Maternal and Child Health
T80,Leadership Education and Research Nursing ,Maternal and Child Health
UJ9,Maternal and Child Environmental Health Collaborative Improvement and Innovation Network (CoIIN) ,Maternal and Child Health
H7A,Supporting Providers and Families to Access Telehealth and Distant Care Services for Pediatric Care ,Maternal and Child Health
R62,"Maternal, Infant, and Early Childhood Home Visiting (MIECHV) Research Program ",Maternal and Child Health
H7B,Telehealth for Family Engagement ,Maternal and Child Health
D93,Demonstration projects for integrating newborn screening long term follow-up into primary care pract ,Maternal and Child Health
H59,Healthy Behaviors in Women ,Maternal and Child Health
H24,MCH Community Integrated Service Systems Set-Aside Grant Program ,Maternal and Child Health
UG9,Follow up in Newborn Screening ,Maternal and Child Health
D89,"Maternal, Infant and Early Childhood Home Visiting Program ",Maternal and Child Health
UC7,Genetics in Primary Care ,Maternal and Child Health
U41,Health Insurance and Financing/ CSHCN ,Maternal and Child Health
U39,Transition Services in Adolescent Health  - Healthy and Ready to Work ,Maternal and Child Health
U48,Sudden Infant Death Syndrome ,Maternal and Child Health
U50,Healthy Tomorrows Cooperative Agreement ,Maternal and Child Health
U42,Integrated Community Service Systems /CSHCN  ,Maternal and Child Health
G23,Healthy Start Leadership Training Institute ,Maternal and Child Health
H12,"Ryan White Title IV Women, Infants, Children, Youth and  Affected Family Members AIDS Healthcare ",HIV/AIDS
T34,Primary Care Training and Enhancement-Community Prevention and Maternal Health ,Health Workforce
Q8M,Quality Improvement Fund – Maternal Health ,Primary Health Care
